{
    "name":"1fichier",
    "lastlogin":"",
    "home":"https://1fichier.com/login.pl",
    "connect": {
    	"todo": [
    		{"action":"fill", "what":"login","search":"input[name='mail']", "grave":"true"},
    		{"action":"fill", "what":"password","search":"input[name='pass']", "grave":"true"},
    		{"action":"click", "search":"input#sub", "grave":"true"}
    	]
    },
    "logout": {
    	"todo": [
    		{"action":"goto", "url":"https://1fichier.com/logout.pl"},
    		{"action":"goto", "url":"https://1fichier.com/login.pl"}
    	]
    },
    "checkAlreadyLogged": [
    	{"search":"div#dirTree"}
    ]
}