{
  	"name":"TripAdvisor",
  	"lastLogin":"",
  	"home":"https://www.tripadvisor.com/",
  	"connect":{
    	"todo":[
      		{"action":"click", "search":"li.login", "grave":true},
      		{"action":"waitfor", "search":"#overlayRegFrame"},
      		{"action":"enterFrame", "search":"#overlayRegFrame"},
      		{"action":"fill", "what":"login", "search":"input[type='email']:eq(1)"},
      		{"action":"fill", "what":"password", "search":"input[type='password']:eq(1)"},
      		{"action":"click", "search":".regSubmitBtn"},
      		{"action":"exitFrame"}
    	]
  	},
  	"logout":{
    	"todo":[
      		{"action":"click", "search":"ul.options li:nth-child(3)", "grave":true},
      		{"action":"waitfor", "search":"#SIGNOUT_LINK"},
      		{"action":"click", "search":"#SIGNOUT_LINK", "grave":true}
    	]
  	},
  	"checkAlreadyLogged":[
    	{"search":".greeting"}
  	],
  	"Facebook":{
    	"todo":[
      		{"action":"click", "search":"li.login", "grave":true},
      		{"action":"waitfor", "search":"#overlayRegFrame"},
      		{"action":"enterFrame", "search":"#overlayRegFrame"},
      		{"action":"click", "search":"#facebookBtn"},
      		{"action":"exitFrame"}
    	]
  	},
  	"Google":{
    	"todo":[
      		{"action":"click", "search":"li.login", "grave":true},
      		{"action":"waitfor", "search":"#overlayRegFrame"},
      		{"action":"enterFrame", "search":"#overlayRegFrame"},
      		{"action":"click", "search":"#googleBtn"},
      		{"action":"exitFrame"}
    	]
  	}
}
