{
	"name":"LeBonCoin",
	"lastLogin":"",
	"home":"https://www.leboncoin.fr/",
	"connect":{
		"url":"https://www.leboncoin.fr/",
		"todo":[
			{"action":"click", "search":".header_aside button"},
			{"action":"waitfor", "time":100, "search":"form input[type='email']"},
			{"action":"fill", "what":"login", "search":"form input[type='email']"},
			{"action":"fill", "what":"password", "search":"form input[type='password']"},
			{"action":"click", "search":"input[type='submit']"},
			{"action":"waitload"},
			{"action":"goto","url":"https://www.leboncoin.fr"}
			]
	},
	"logout":{
		"url":"https://www.leboncoin.fr/",
		"todo":[
			{"action":"aclick", "search":".myAccount_nav a:nth-child(6)"}
			]
	},
	"checkAlreadyLogged":[
		{"search":".myAccount_link"}
	],
	"checkChangeLogin":[
		{"action":"click", "search":"#loginbutton"}
	]
}