{
    "website":"blablacar",
    
    "urls":{
        "login":"https://www.blablacar.fr/identification",
        "facebookLogin":"https://www.blablacar.fr/connect/facebook"
    },
    
    "elements":{
        
        "userField":{
            "tagName":"input",
            "name":"_username",
            "className":"login-email registration-email"
        },
        "passField":{
            "tagName":"input",
            "name":"_password",
            "className":"login-pass registration-password"
        },
        "buttonLogIn":{
            "tagName":"button",
            "type":"submit",
            "name":"_submit",
            "className":"btn-validation btn-large full-width apply-btn-loader"
        }
        
    },
    
    "connectionSteps":[
        {
            "action":"goTo",
            "url":"login"
        },
        
        {
                "action":"catchFail",
                "if":"missingElement",
                "elementName":"passField",
                "actionsIfFail":[{"action":"end"}],
                "send":"alreadyConnected"
        },
                
        {
            "action":"do",
            "elements":[
                {
                    "name":"userField",
                    "action":"fill",
                    "value":"user"
                },
                {
                    "name":"passField",
                    "action":"fill",
                    "value":"pass"
                },
                {
                    "name":"buttonLogIn",
                    "action":"click"
                }
            ]
        },
        
        {
            "action":"nextPage",
            "lastPage":true
        },
        
        {
            "action":"catchFail",
            "if":"existingElement",
            "elementName":"passField",
            "actionsIfFail":[{"action":"end"}],
            "send":"wrongPassword"
        }
    ],
    
    "facebookConnectionSteps":[
        {
            "action":"goTo",
            "url":"login"
        },
        
        {
                "action":"catchFail",
                "if":"missingElement",
                "elementName":"passField",
                "actionsIfFail":[{"action":"end"}],
                "send":"alreadyConnected"
        },
        
        {
            "action":"goTo",
            "url":"facebookLogin"
        },
        
        {
            "action":"facebookConnection"
        }
    ]
}