{
    "name":"Prezi",
    "lastLogin":"",
    "home":"https://prezi.com/",
    "connect":{
        "todo":[
        	{"action":"goto", "url":"https://prezi.com/login"},
           	{"action":"fill", "what":"login", "search":"input#id_username"},
            {"action":"val", "what":"password", "search":"input#id_password"},
            {"action":"click", "search":"button#btn_login"}
        ]
    },
    "logout":{
        "todo":[
        	{"action":"clickona", "search":"a.logout-page"},
			{"action":"waitload"}
           	]
    },
    "checkAlreadyLogged":[
        {"search":"div#header-raleway-notifications"}
    ],
    "Facebook": {
    	"todo": [
    		{"action":"goto", "url":"https://prezi.com/login"},
    		{"action":"clickona", "search":"a#facebook-login"}
    	]
    },
    "Linkedin": {
    	"todo": [
    		{"action":"goto", "url":"https://prezi.com/login"},
    		{"action":"clickona", "search":"a#linkedin-login"}
    	]
    }
}