{
    "name":"AlloCiné",
    "lastLogin":"",
    "home":"http://www.allocine.fr/",
    "connect":{
        "todo":[
        	{"action":"aclick", "search":"a[href*='secure.allocine.fr/account/logon']"},
        	{"action":"fill", "what":"login", "search":"input#Email", "grave":true},
            {"action":"fill", "what":"password", "search":"input#Password"},
            {"action":"click", "search":"button#btn-logon"}
        ]
    },
    "logout":{
        "todo":[
            {"action":"aclick", "search":"a[href*='secure.allocine.fr/account/logoff']"}
            ]
    },
    "Facebook":{
        "todo":[
        	{"action":"aclick", "search":"a[href*='secure.allocine.fr/account/logon']"},
        	{"action":"clickona", "search":"a#FaceBookConnect"}
        ]
    },
    "Google":{
        "todo":[
        	{"action":"aclick", "search":"a[href*='secure.allocine.fr/account/logon']"},
        	{"action":"clickona", "search":"a#GoogleConnect"}
        ]
    },
    "checkAlreadyLogged":[
        {"search":"a[href^='https://secure.allocine.fr/account/logoff']"}
    ]
}