{
	"name":"Office",
	"lastLogin":"",
	"home":"https://login.microsoftonline.com",
	"connect":{
		"todo":[
			{"action":"click", "search":"#use_another_account"},
			{"action":"fill", "what":"login", "search":"#cred_userid_inputtext,#userNameInput", "grave":true},
			{"action":"fill", "what":"password", "search":"#cred_password_inputtext,#passwordInput", "grave":true},
			{"action":"submit", "search":"#credentials,#loginForm", "grave":true}
			]
	},
	"logout":{
		"todo":[
			{"action":"waitfor", "search":"div[role='banner'] div.o365cs-nav-topItem:last-child() button"},
			{"action":"aclick", "search":"div[role='banner'] div.o365cs-nav-topItem:last-child() button"},
			{"action":"waitfor", "search":"a[href*='logout']"},
			{"action":"aclick", "search":"a[href*='logout']"}
			]
	},
	"checkAlreadyLogged":[
		{"search":"#O365_MainLink_Logo"}
	]
	
}