{
    "name":"ProfilCulture",
    "lastLogin":"",
    "home":"http://www.profilculture.com/candidat/index.php",
    "connect":{
        "todo":[
            {"action":"fill", "what":"login", "search":"#user_log"},
            {"action":"fill", "what":"password", "search":"#user_pass"},
            {"action":"click", "search":"#btnLog"}
        ]
    },
    "logout":{
        "todo":[
            {"action":"aclick", "search":"a[href*='logout']"}
        ]
    },
    "checkAlreadyLogged":[
        {"search":"a[href*='logout']"}
    ]
}