{
    "website":"twitter",
    
    "urls":{
        "login":"https://www.projet-voltaire.fr/signin"
    },
    
    "elements":{
        
        "userField":{
            "id":"auth_username"
        },
        "passField":{
            "id":"auth_password"
        },
        "buttonLogIn":{
            "tagName":"button",
            "type":"submit",
            "className":"buttonSubmit",
            "name":"inscription"
        }
    },
    
    "connectionSteps":[
        {
            "action":"goTo",
            "url":"login"
        },
        
        {
                "action":"catchFail",
                "if":"missingElement",
                "elementName":"passField",
                "actionsIfFail":[{"action":"end"}],
                "send":"alreadyConnected"
        },
        
        {
            "action":"do",
            "elements":[
                {
                    "name":"userField",
                    "action":"fill",
                    "value":"user"
                },
                {
                    "name":"passField",
                    "action":"fill",
                    "value":"pass"
                },
                {
                    "name":"buttonLogIn",
                    "action":"click"
                }
            ]
        },
        
        {
            "action":"nextPage",
            "lastPage":true
        },
        
        {
            "action":"catchFail",
            "if":"existingElement",
            "elementName":"passField",
            "actionsIfFail":[{"action":"end"}],
            "send":"wrongPassword"
        }
    ]
}