{
    "name":"ObjetRama",
    "lastlogin":"",
    "home":"https://www.objetrama.fr/customer/account/login/",
    "connect": {
    	"todo": [
    		{"action":"fill", "what":"login","search":"#login-form #email", "grave":"true"},
    		{"action":"fill", "what":"password","search":"#login-form #pass", "grave":"true"},
    		{"action":"click", "search":"#login-form #send2", "grave":"true"}
    	]
    },
    "logout": {
    	"todo": [
    		{"action":"aclick", "search":"a.logout"},
    		{"action":"goto", "url":"https://www.objetrama.fr/customer/account/login/"}
    	]
    },
    "checkAlreadyLogged": [
    	{"search":"a.logout"}
    ]
    
}