{
    "name":"BUVauban",
    "lastlogin":"",
    "home":"http://lol.univ-catholille.fr/",
    "connect": {
    	"todo": [
    		{"action":"goto", "url":"https://sso.univ-catholille.fr/cas/login?service=http%3A%2F%2Flol.univ-catholille.fr%2Ffr%2Fcas%3Fdestination%3Duser"},
    		{"action":"fill", "what":"login","search":"#username", "grave":"true"},
    		{"action":"fill", "what":"password","search":"#password"},
    		{"action":"click", "search":"#fm1 input[type='submit']"}
    	]
    },
    "checkAlreadyLogged": [
    	{"search":"a[href='https://sso.univ-catholille.fr/cas/logout']"}
    ],
    "logout": {
    	"todo": [
    		{"action":"goto", "url":"https://sso.univ-catholille.fr/cas/logout"},
    		{"action":"goto", "url":"http://lol.univ-catholille.fr/"}
    	]
    }
}
