{
    "name":"Instagram",
    "lastLogin":"",
    "home":"https://www.instagram.com",
    "connect":{
        "todo":[
            {"action":"waitfor", "search":["a._niffh","a._fcn8k"]},
            {"action":"clickona", "search":"a._fcn8k"},
    		{"action":"clickona", "search":"a._niffh"},
    		{"action":"fill", "what":"login", "search":"input[name='username']", "grave":true},
            {"action":"fill", "what":"password", "search":"input[name='password']", "grave":true},
            {"action":"click", "search":"form button"}
        ]
    },
    "Facebook":{
    	"todo":[
    		{"action":"waitfor", "search":["a._niffh","a._fcn8k"]},
    		{"action":"click", "search":"._ah57t"}
    	]
    },
    "logout":{
        "todo":[
            {"action":"goto", "url":"https://www.instagram.com/accounts/logout/"}
       	]
    },
    "checkAlreadyLogged":[
        {"search":"a._soakw._vbtk2.coreSpriteDesktopNavProfile"}
    ]
}