{
    "website":"instagram",
    
    "urls":{
        "login":"https://www.instagram.com/"
    },
    
    "elements":{
        "switchAccount":{
            "tagName":"a",
            "className":"_niffh"
        },
        "redirectButton":{
          "tagName":"a",
          "className":"_k6cv7"
        },
        "userField":{
            "tagName":"input",
            "type":"text",
            "name":"username",
            "className":"_kp5f7 _qy55y"
        },
        "passField":{
            "tagName":"input",
            "type":"password",
            "name":"password"
        },
        "logInButton":{
            "tagName":"button",
            "className":"_aj7mu _taytv _ki5uo _o0442"
        }
    },
        
    "connectionSteps":[
        {
            "action":"goTo",
            "url":"login"
        },
        
        {
            "action":"catchFail",
            "if":"existingElement",
            "elementName":"switchAccount",
            "actionsIfFail":[{"action":"do", "elements":[
                {
                    "name":"switchAccount",
                    "action":"click"
                }
            ]}],
            "send":"changeAccount"
        },
        
        {
            "action":"catchFail",
            "if":"existingElement",
            "elementName":"redirectButton",
            "actionsIfFail":[{"action":"do", "elements":[
                {
                    "name":"redirectButton",
                    "action":"click"
                }
            ]}],
            "send":"goToLogin"
        },
        
        {
            "action":"catchFail",
            "if":"missingElement",
            "elementName":"passField",
            "actionsIfFail":[{"action":"end"}],
            "send":"alreadyConnected"
        },
        
        {
            "action":"do",
            "elements":[
                {
                    "name":"userField",
                    "action":"fill",
                    "value":"user"
                },
                {
                    "name":"passField",
                    "action":"fill",
                    "value":"pass"
                },
                {
                    "name":"logInButton",
                    "action":"click"
                }
            ]
        },
        
        {
            "action":"nextPage",
            "lastPage":true
        },
        
        {
            "action":"catchFail",
            "if":"existingElement",
            "elementName":"passField",
            "actionsIfFail":[{"action":"end"}],
            "send":"wrongPassword"
        }
    ]
}
