{
    "name":"Spotify",
    "lastLogin":"",
    "home":"https://play.spotify.com",
    "connect":{
        "todo":[
        	{"action":"waitfor", "search":"#has-account"},
        	{"action":"clickona", "search":"#has-account"},
            {"action":"fill", "what":"login", "search":"#login-usr", "grave":true},
            {"action":"fill", "what":"password", "search":"#login-pass"}
        ]
    },
    
    "logout":{
        "todo":[{"action":"goto","url":"https://play.spotify.com/logout"}]
    },
    "checkAlreadyLogged":[
        {"search":"#nav-profile"}
    ],
    "Facebook":{
    	"todo":[
    		{"action":"waitfor", "search":"#has-account"},
        	{"action":"clickona", "search":"#has-account"},
    		{"action":"click", "search":"#fb-login-btn"}
        ]
     }
}