{
	"name":"Evernote",
	"lastLogin":"",
	"home":"https://www.evernote.com/Login.action",
	"connect":{
		"todo":[
			{"action":"fill", "what":"login", "search":"#username", "grave":true},
			{"action":"fill", "what":"password", "search":"#password"},
			{"action":"click", "search":"#login", "grave":true}
			]
	},
	"logout":{
		"todo":[
            {"action":"click", "search":"#gwt-debug-AccountMenu-avatar"},
            {"action":"waitfor", "search":"#gwt-debug-AccountMenu-logout > div"},
			{"action":"click", "search":"#gwt-debug-AccountMenu-logout > div"},
			{"action":"waitload"},
			{"action":"goto", "url":"https://www.evernote.com/Login.action"}
        ]
	},
	"checkAlreadyLogged":[
		{"search":"#gwt-debug-AccountMenu-avatar"}
	],
    "Google":{
        "todo":[
            {"action":"click", "search":"#googleOauthButton"}
        ]
    }
}