{
    "name":"MyTF1",
    "lastlogin":"",
    "home":" http://www.tf1.fr/",
    "connect": {
    	"todo": [
    		{"action":"goto", "url":"https://auth.mytf1.tf1.fr/mon-compte/login/identification"},
    		{"action":"fill", "what":"login","search":"#email", "grave":"true"},
    		{"action":"fill", "what":"password","search":"#password", "grave":"true"},
    		{"action":"click", "search":"#tf1Login", "grave":"true"}
    	]
    },
    "logout": {
    	"todo": [
    		{"action":"goto", "url":"https://auth.mytf1.tf1.fr/logout"}
    	]
    },
    "checkAlreadyLogged": [
    	{"action":"waitfor", "search":"iframe.aamIframeLoaded"},
    	{"search":"#connected[style='display: inline-block;']"}
    ],
    "Facebook": {
    	"todo": [
    		{"action":"clickona", "search":"a.toConnect"},
    		{"action":"waitfor", "search":"#loginFacebook"},
    		{"action":"clickona", "search":"#loginFacebook"}
    	]
    }
}