{
	"name":"Messenger",
	"lastLogin":"",
	"home":"https://www.messenger.com/login",
	"connect": {
		"todo": [
			{"action":"fill", "what":"login", "search":"#email", "grave":"true"},
			{"action":"fill", "what":"password", "search":"#pass", "grave":"true"},
			{"action":"click", "search":"button[type='submit']"}
		]
	},
    "logout": {
    	"todo": [
    		{"action":"clickona", "search":"div[role='banner'] div.uiPopover a"},
    		{"action":"waitfor", "search":"ul._54nf"},
    		{"action":"clickona", "search":"ul._54nf li:last-child() a"}
    	]
    },
    "checkAlreadyLogged": [
    	{"search":"div[role='main']"}
    ]
}