{
    "name":"Blomberg",
    "lastLogin":"",
    "home":"https://login.bloomberg.com/",
    "connect":{
        "todo":[
          {"action":"goto", "url":"https://login.bloomberg.com/"},
          {"action":"fill", "what":"login", "search":"input.login-register__email"},
          {"action":"fill", "what":"password", "search":"input.login-register__password"},
          {"action":"click", "search":"button.login-register__submit"},
          {"action":"waitfor", "search":".side-nav__item--sign-out"},
          {"action":"goto", "url":"https://www.bloomberg.com/"}
        ]
    },
    "Facebook":{
      "todo":[
        {"action":"goto", "url":"https://login.bloomberg.com/"},
        {"action":"click", "search":"button.social-button--facebook"},
        {"action":"waitfor", "search":".side-nav__item--sign-out"},
        {"action":"goto", "url":"https://www.bloomberg.com/"}
      ]
    },
    "Twitter":{
      "todo":[
        {"action":"goto", "url":"https://login.bloomberg.com/"},
        {"action":"click", "search":"button.social-button--twitter"},
        {"action":"waitfor", "search":".side-nav__item--sign-out"},
        {"action":"goto", "url":"https://www.bloomberg.com/"}
      ]
    },
    "logout":{
        "todo":[
            {"action":"clickona", "search":".side-nav__item--sign-out a"},
            {"action":"waitfor", "search":"a[href*='login']"}
    	]
    },
    "checkAlreadyLogged":[
        {"search":".side-nav__item--sign-out"}
    ]
}
