{
	"name":"facebook",
	"lastLogin":"",
	"connect":{
		"url":"http://www.facebook.com",
		"todo":[
			{"action":"fill", "what":"login", "search":"#email"},
			{"action":"fill", "what":"password", "search":"#pass"},
			{"action":"click", "search":"#loginbutton"}
			]
	},
	"logout":{
		"url":"http://www.facebook.com",
		"todo":[
			{"action":"click", "search":"#pageLoginAnchor div"},
			{"action":"wait", "time":1000},
			{"action":"submit", "search":"#show_me_how_logout_1"}
			]
	},
	"checkAlreadyLoged":[
		{"search":"._2s25"}
	],
	"checkChangeLogin":[
		{"action":"click", "search":"#loginbutton"}
	]
}