{
    "website":"facebook",
    
    "urls":{
        "login":"https://www.facebook.com/login"
    },
    
    "elements":{
        
        "userField":{
            "id":"email"
        },
        "passField":{
            "id":"pass"
        },
        "logInButton":{
            "id":"loginbutton"
        }
    },
    
    "connectionSteps":[
        {
            "action":"goTo",
            "url":"login"
        },
        
        {
                "action":"catchFail",
                "if":"missingElement",
                "elementName":"passField",
                "actionsIfFail":[{"action":"end"}],
                "send":"alreadyConnected"
        },
        
        {
            "action":"do",
            "elements":[
                {
                    "name":"userField",
                    "action":"fill",
                    "value":"user"
                },
                {
                    "name":"passField",
                    "action":"fill",
                    "value":"pass"
                },
                {
                    "name":"logInButton",
                    "action":"click"
                }
            ]
        },
        
        {
            "action":"nextPage",
            "lastPage":true
        },
        
        {
            "action":"catchFail",
            "if":"existingElement",
            "elementName":"passField",
            "actionsIfFail":[{"action":"end"}],
            "send":"wrongPassword"
        }
    ]
}