{
    "name":"Mindmeister",
    "lastlogin":"",
    "home":"https://www.mindmeister.com/",
    "connect": {
    	"todo": [
    		{"action":"aclick", "search":"#btn_login"},
    		{"action":"waitfor", "search":"#login"},
    		{"action":"fill", "what":"login", "search":"#login"},
    		{"action":"fill", "what":"password", "search":"#password"},
    		{"action":"click", "search":"#btn_signin"}
       	]
    },
    "logout": {
    	"todo": [
    		{"action":"goto", "url":"https://www.mindmeister.com/account/logout"}
    	]
    },
    "checkAlreadyLogged": [
    	{"search":"#btn_account"}
    ],
    "Facebook": {
    	"todo": [
    		{"action":"aclick", "search":"a[href*='login_facebook']"}
    	]
    },
    "Google": {
    	"todo": [
    		{"action":"aclick", "search":"a[href*='login_google']"}
    	]
    },
    "Twitter": {
    	"todo": [
    		{"action":"aclick", "search":"a[href*='login_twitter']"}
    	]
    },
    "Microsof": {
    	"todo": [
    		{"action":"aclick", "search":"a[href*='login_office']"}
    	]
    }
}