{
	"name":"Noisly",
	"lastLogin":"",
	"home":"https://www.noisli.com/",
	"connect":{
		"todo":[
			{"action":"goto", "url":"https://www.noisli.com/login"},
			{"action":"fill", "what":"login", "search":"input#login-modal-input-email"},
			{"action":"fill", "what":"password", "search":"input#login-modal-input-password"},
			{"action":"click", "search":"input#login-modal-input-submit"}
			]
	},
	"logout":{
		"todo":[
			{"action":"click", "search":"a[href='/users/sign_out'] span"},
			{"action":"waitload"}
		]
	},
	"checkAlreadyLogged":[
		{"search":"div#logged_out[style='display:none;']"}
	],
    "Facebook":{
    	"todo":[
    		{"action":"click", "search":"#login-fb"}
    	]	
    },
    "Google":{
    	"todo":[
    		{"action":"click", "search":"#login-g"}
    	]	
    }
}