{
    "name":"PriceMinister",
    "lastlogin":"",
    "home":"https://www.priceminister.com",
    "connect": {
    	"todo": [
    		{"action":"goto", "url":"https://www.priceminister.com/connect?action=login"},
    		{"action":"fill", "what":"login","search":"#auth_user_identifier", "grave":true},
    		{"action":"fill", "what":"password","search":"#userpassword", "grave":true},
    		{"action":"click", "search":"#sbtn_login", "grave":true}
       	]
    },
    "logout": {
    	"todo": [
    		{"action":"goto", "url":"http://www.priceminister.com/connect?action=logout"}
    	]
    },
    "checkAlreadyLogged": [
    	{"search":"a[href='/connect?action=logout']"}
    ]
}