{
	"name":"openclassroom",
	"lastLogin":"",
	"home":"https://openclassrooms.com/login",
	"connect":{
		"todo":[
			{"action":"fill", "what":"login", "search":"input#_username:eq(1)"},
			{"action":"fill", "what":"password", "search":"input#_password:eq(1)"},
			{"action":"click", "search":"button#login"}
		]
	},
	"logout":{
		"todo":[
			{"action":"aclick", "search":"a[href*='/logout?'][class='popOutList__link']"},
			{"action":"goto", "url":"https://openclassrooms.com/login"}
		]
	},
	"checkAlreadyLogged":[
		{"search":"a[href*='/logout?'][class='popOutList__link']"}
	],
	"Facebook": {
		"todo":[
			{"action":"clickona", "search":"a.formLogin__facebook"}
		]
	}
}