{
    "name":"Zara",
    "lastlogin":"",
    "home":"https://www.zara.com",
    "connect": {
    	"todo": [
    		{"action":"click", "search":"input[type='submit']"},
    		{"action":"waitfor", "search":"._accountLink._login a"},
    		{"action":"clickona", "search":"._accountLink._login a"},
    		{"action":"waitload"},
    		{"action":"fill", "what":"login", "search":"#email"},
    		{"action":"fill", "what":"password", "search":"#password"},
    		{"action":"click", "search":"#login-button"}
       	]
    },
    "logout": {
    	"todo": [
    		{"action":"clickona", "search":"._accountLink._logout a"}
    	]
    },
    "checkAlreadyLogged": [
    	{"action":"waitfor", "search":"._userName,._login"},
    	{"search":"._accountLink._logout"}
    ]
}