{
    "website":"deezer",
    
    "urls":{
        "login":"http://www.deezer.com/login"
    },
    
    "elements":{

        
        "userField":{
            "id":"login_mail"
        },
        "passField":{
            "id":"login_password"
        },
        "logInButton":{
            "id":"login_form_submit"
        }
    },
        
    "connectionSteps":[
        {
            "action":"goTo",
            "url":"login"
        },
        
        {
            "action":"catchFail",
            "if":"missingElement",
            "elementName":"passField",
            "actionsIfFail":[{"action":"end"}],
            "send":"alreadyConnected"
        },
        
        {
            "action":"do",
            "elements":[
                {
                    "name":"userField",
                    "action":"fill",
                    "value":"user"
                },
                {
                    "name":"passField",
                    "action":"fill",
                    "value":"pass"
                },
                {
                    "name":"logInButton",
                    "action":"click"
                }
            ]
        },
        
        {
            "action":"nextPage",
            "lastPage":true
        },
        
        {
            "action":"catchFail",
            "if":"existingElement",
            "elementName":"passField",
            "actionsIfFail":[{"action":"end"}],
            "send":"wrongPassword"
        }
    ]
}
