{
	"name":"twitter",
	"lastLogin":"",
	"connect":{
		"url":"https://twitter.com/login",
		"todo":[
			{"action":"fill", "what":"login", "search":"input[name='session[username_or_email]']"},
			{"action":"fill", "what":"password", "search":"input[name='session[password]']"},
			{"action":"submit", "search":"form[action='https://twitter.com/sessions']"}
			]
	},
	"logout":{
		"url":"https://twitter.com/logout",
		"todo":[
			{"action":"click", "search":"button[type='submit']"}
			]
	},
	"checkAlreadyLoged":[
		{"search":"#user-dropdown-toggle"}
	],
	"checkChangeLogin":[
		{"action":"click", "search":"#loginbutton"}
	]
}