{
    "website":"twitter",
    
    "urls":{
        "login":"https://twitter.com"
    },
    
    "elements":{
        
        "userField":{
            "tagName":"input",
            "name":"session[username_or_email]",
            "className":"text-input email-input js-signin-email"
        },
        "passField":{
            "tagName":"input",
            "name":"session[password]",
            "className":"text-input"
        },
        "buttonLogIn":{
            "tagName":"input",
            "type":"submit",
            "className":"submit btn primary-btn js-submit"
        }
    },
    
    "connectionSteps":[
        {
            "action":"goTo",
            "url":"login"
        },
        
        {
                "action":"catchFail",
                "if":"missingElement",
                "elementName":"passField",
                "actionsIfFail":[{"action":"end"}],
                "send":"alreadyConnected"
        },
        
        {
            "action":"do",
            "elements":[
                {
                    "name":"userField",
                    "action":"fill",
                    "value":"user"
                },
                {
                    "name":"passField",
                    "action":"fill",
                    "value":"pass"
                },
                {
                    "name":"buttonLogIn",
                    "action":"click"
                }
            ]
        },
        
        {
            "action":"nextPage",
            "lastPage":true
        },
        
        {
            "action":"catchFail",
            "if":"existingElement",
            "elementName":"passField",
            "actionsIfFail":[{"action":"end"}],
            "send":"wrongPassword"
        }
    ]
}