{
    "website":"IESEG network",
    
    "urls":{
        "login":"https://ieseg-network.hivebrite.com/networks/ieseg-network/login",
        "facebookLogin":"https://hivebrite.com/auth/facebook?network_id=42"
    },
    
    "elements":{
        
        "userField":{
            "id":"user_email"
        },
        "passField":{
            "id":"user_password"
        },
        "buttonLogIn":{
            "tagName":"input",
            "type":"submit",
            "name":"commit",
            "className":"button btn button button--blue one-whole"
        }
        
    },
    
     "connectionSteps":[
        {
            "action":"goTo",
            "url":"login"
        },
        
        {
                "action":"catchFail",
                "if":"missingElement",
                "elementName":"passField",
                "actionsIfFail":[{"action":"end"}],
                "send":"alreadyConnected"
        },
        
        {
            "action":"do",
            "elements":[
                {
                    "name":"userField",
                    "action":"fill",
                    "value":"user"
                },
                {
                    "name":"passField",
                    "action":"fill",
                    "value":"pass"
                },
                {
                    "name":"buttonLogIn",
                    "action":"click"
                }
            ]
        },
        
        {
            "action":"nextPage",
            "lastPage":true
        },
        
        {
            "action":"catchFail",
            "if":"existingElement",
            "elementName":"passField",
            "actionsIfFail":[{"action":"end"}],
            "send":"wrongPassword"
        }
    ],
    
    "facebookConnectionSteps":[
        {
            "action":"goTo",
            "url":"login"
        },
        
        {
                "action":"catchFail",
                "if":"missingElement",
                "elementName":"passField",
                "actionsIfFail":[{"action":"end"}],
                "send":"alreadyConnected"
        },
        
        {
            "action":"goTo",
            "url":"facebookLogin"
        },
        
        {
            "action":"facebookConnection"
        }
    ]
}