{
	"name":"7speaking",
	"lastLogin":"",
	"connect":{
		"url":"https://www.7speaking.com/newsite/controlnew/newlogin.cfm?&red=0&lm=ENG",
		"todo":[
			{"action":"fill", "what":"login", "search":"#username"},
			{"action":"fill", "what":"password", "search":"#password"},
			{"action":"click", "search":"input[name=btn]"}
			]
	},
	"logout":{
		"url":"https://www.7speaking.com/newsite/",
		"todo":[
			{"action":"click", "search":"td[onclick=javascript:document.location='/newsite/controlnew/newdelog.cfm';]"}
			]
	},
	"checkAlreadyLoged":[
		{"search":"#dswsdqsdqsdqsdqsd"}
	],
	"checkChangeLogin":[
		{"action":"click", "search":"#loginbutton"}
	]
}