{
    "name":"FFT",
    "lastLogin":"",
    "home":"https://mon-espace-tennis.fft.fr/",
    "connect":{
        "todo":[
          {"action":"clickona", "search":"#user-anonymous"},
          {"action":"waitfor", "search":"#edit-name--2"},
          {"action":"fill", "what":"login", "search":"#edit-name--2"},
          {"action":"fill", "what":"password", "search":"#edit-pass--2"}
          {"action":"click", "search":"#edit-submit--2"}
        ]
    },
    "logout":{
        "todo":[
            {"action":"aclick", "search":"a[href*='logout']"}
          ]
    },
    "checkAlreadyLogged":[
        {"search":"a[href*='logout']"}
    ]
}
