{
	"name":"Ieseg Unify",
	"lastLogin":"",
	"home":"https://unify.ieseg.fr/",
	"connect":{
		"todo":[
			{"action":"waitfor", "search":"#txtUserName"},
			{"action":"fill", "what":"login", "search":"#txtUserName", "grave":true},
			{"action":"fill", "what":"password", "search":"#txtPassword", "grave":true},
			{"action":"click", "search":"#SubmitButton"}
			]
	},
	"logout":{
		"todo":[
			{"action":"goto", "url":"https://srvadfs.ieseg.fr/adfs/ls/?wa=wsignout1.0&wreply=https://unify.ieseg.fr/"}
			]
	},
	"checkAlreadyLogged":[
		{"search":"a:nth-child(3) span.x-btn-wrap.x-btn-arrow.x-btn-arrow-right"}
	]
}