{
    "name":"AngelList",
    "lastLogin":"",
    "home":"https://angel.co/",
    "connect":{
        "todo":[
        	{"action":"goto", "url":"https://angel.co/login"},
          	{"action":"fill", "what":"login", "search":"#user_email", "grave":true},
            {"action":"fill", "what":"password", "search":"#user_password", "grave":true},
            {"action":"click", "search":"#new_user input[type='submit']"}
        ]
    },
    "logout":{
        "todo":[
            {"action":"goto", "url":"https://angel.co/logout"}
         ]
    },
    "Facebook":{
        "todo":[
        	{"action":"goto", "url":"https://angel.co/login"},
        	{"action":"click", "search":".facebook:eq(0)"}
        ]
    },
    "Twitter":{
        "todo":[
        	{"action":"goto", "url":"https://angel.co/login"},
            {"action":"click", "search":".twitter:eq(0)"}
        ]
    },
    "Linkedin":{
        "todo":[
        	{"action":"goto", "url":"https://angel.co/login"},
            {"action":"click", "search":".linkedin:eq(0)"}
        ]
    },
    "checkAlreadyLogged":[
        {"search":"div.userPhoto"}
    ]
}