{
    "name":"Dropbox",
    "lastLogin":"",
    "home":"https://www.dropbox.com/login",
    "connect":{
    	"todo":[
    		{"action":"fill", "what":"login", "search":"input[name='login_email']"},
    		{"action":"fill", "what":"password", "search":"input[name='login_password']"},
    		{"action":"click", "search":"button.login-button"}
    	]
    },
    "checkAlreadyLogged": [
    	{"search":"#header-account-menu"}
    ],
    "logout": {
    	"todo":[
    		{"action":"goto", "url":"https://www.dropbox.com/logout"},
    		{"action":"goto", "url":"https://www.dropbox.com/login"}
    	]
    }
    
}