{
	"name":"openclassroom",
	"lastLogin":"",
	"connect":{
		"url":"https://openclassrooms.com/",
		"todo":[
			{"action":"click","search":"a[href='https://openclassrooms.com/login']"},
			{"action":"fill", "what":"login", "search":"#_username"},
			{"action":"fill", "what":"password", "search":"#_password"},
			{"action":"click", "search":"#login"}
			]
	},
	"logout":{
		"url":"https://openclassrooms.com/",
		"todo":[
			{"action":"click", "search":"a[href*='/logout?'][class='popOutList__link']"}
			]
	},
	"checkAlreadyLoged":[
		{"search":".js-popOut-header"}
	],
	"checkChangeLogin":[
		{"action":"click", "search":"#loginbutton"}
	]
}