{
    "name":"Netflix",
    "lastLogin":"",
    "home":"https://www.netflix.com/Login",
    "connect":{
        "todo":[
        	{"action":"fill", "what":"login", "search":".login-form input[name='email']", "grave":true},
            {"action":"fill", "what":"password", "search":".login-form input[name='password']"},
            {"action":"click", "search":".btn.login-button.btn-submit"}
         ]
    },
    "Facebook":{
    	"todo":[
    		{"action":"click", "search":".fb-login"}
    	]
    },
    "logout":{
        "todo":[
            {"action":"goto", "url":"https://www.netflix.com/SignOut?lnkctr=mL"},
            {"action":"goto", "url":"https://www.netflix.com/Login"}
        ]
    },
    "checkAlreadyLogged":[
        {"search":".account-menu-item"}
    ]
}