{
	"name":"FantasyPremierLeague",
	"lastLogin":"",
	"home":"https://fantasy.premierleague.com/",
	"connect":{
		"todo":[
			{"action":"fill", "what":"login", "search":"input#ismjs-username"},
			{"action":"fill", "what":"password", "search":"input#ismjs-password"},
			{"action":"click", "search":"button.ismjs-submit"}
			]
	},
	"logout":{
		"todo":[
			{"action":"clickona", "search":"a[href='/accounts/logout/']"}
		]
	},
	"checkAlreadyLogged":[
		{"search":"a[href='/accounts/logout/']"}
	],
    "Facebook":{
    	"todo":[
    		{"action":"clickona", "search":"a.ism-social-button--facebook"}
    	]	
    },
    "Google":{
    	"todo":[
    		{"action":"clickona", "search":"a.ism-social-button--google"}
    	]	
    },
    "Twitter":{
    	"todo":[
    		{"action":"clickona", "search":"a.ism-social-button--twitter"}
    	]	
    }
}