{
	"name":"iesegOnline",
	"lastLogin":"",
	"connect":{
		"url":"http://www.ieseg-online.com/",
		"todo":[
			{"action":"fill", "what":"login", "search":"input[name='username']"},
			{"action":"fill", "what":"password", "search":"input[name='password']"},
			{"action":"submit", "search":".form-signin"}
			]
	},
	"logout":{
		"url":"http://www.ieseg-online.com/login/index.php",
		"todo":[
			{"action":"submit", "search":"form[action='https://www.ieseg-online.com/login/logout.php']"}
			]
	},
	"checkAlreadyLoged":[
		{"search":"#usermenu"}
	],
	"checkChangeLogin":[
		{"action":"click", "search":"#loginbutton"}
	]
}