{
    "website":"IESEG Online",
    
    "urls":{
        "login":"http://www.ieseg-online.com/login/index.php",
        "home":"http://www.ieseg-online.com/"
    },
    
    "elements":{
        "userField":{
          "id":"username"  
        },
        "passField":{
            "id":"password"
        },
        "buttonLogIn":{
            "id":"loginbtn"
        }
            
    },
    
    "connectionSteps":[
        {
            "action":"goTo",
            "url":"login"
        },
        
        {
                "action":"catchFail",
                "if":"missingElement",
                "elementName":"passField",
                "actionsIfFail":[
                    {
                        "action":"goTo",
                        "url":"home",
                        "lastPage":true
                    },
                    {"action":"end"}
                ],
                "send":"alreadyConnected"
        },
        
        {
            "action":"do",
            "elements":[
                {
                    "name":"userField",
                    "action":"fill",
                    "value":"user"
                },
                {
                    "name":"passField",
                    "action":"fill",
                    "value":"pass"
                },
                {
                    "name":"buttonLogIn",
                    "action":"click"
                }
            ]
        },
        
        {
            "action":"nextPage"
        },
        
        {
            "action":"catchFail",
            "if":"existingElement",
            "elementName":"passField",
            "actionsIfFail":[{"action":"end"}],
            "send":"wrongPassword"
        }
    ]
}