{
    "website":"coursera",
    
    "urls":{
        "login":"https://fr.coursera.org"
    },
    
    "elements":{
        "connectionButton":{
            "tagName":"a",
            "href":"https://fr.coursera.org/?authMode=login"
        },
        "userField":{
            "tagName":"input",
            "name":"email"
        },
        "passField":{
            "tagName":"input",
            "name":"password"
        },
        "buttonLogIn":{
            "tagName":"button",
            "innerHTML":"Connexion"
        }
        
    },
    
    "connectionSteps":[
        {
            "action":"goTo",
            "url":"login"
        },
        
        {
            "action":"do",
            "elements":[
                {
                    "name":"connectionButton",
                    "action":"click"
                }
            ]
        },
        
        {
            "action":"nextPage"
        },
        
        {
                "action":"catchFail",
                "if":"missingElement",
                "elementName":"passField",
                "actionsIfFail":[{"action":"end"}],
                "send":"alreadyConnected"
        },
        
        {
            "action":"do",
            "elements":[
                {
                    "name":"userField",
                    "action":"fill",
                    "value":"user"
                },
                {
                    "name":"passField",
                    "action":"fill",
                    "value":"pass"
                },
                {
                    "name":"buttonLogIn",
                    "action":"click"
                }
            ]
        },
        
        {
            "action":"nextPage",
            "lastPage":true
        },
        
        {
            "action":"catchFail",
            "if":"existingElement",
            "elementName":"passField",
            "actionsIfFail":[{"action":"end"}],
            "send":"wrongPassword"
        }
    ]
}
