{
    "name":"Viadeo",
    "lastlogin":"",
    "home":"https://www.viadeo.com/",
    "connect": {
    	"todo": [
    		{"action":"clickona", "search":"a.header-signin-link"},
    		{"action":"waitload"},
    		{"action":"fill", "what":"login","search":"#secureSignin input[name='email']", "grave":"true"},
    		{"action":"fill", "what":"password","search":"#secureSignin input[name='password']", "grave":"true"},
    		{"action":"click", "search":"#secureSignin button[type='submit']", "grave":"true"}
       	]
    },
    "logout": {
    	"todo": [
    		{"action":"click", "search":"#hd-logout-form button"}
    	]
    },
    "checkAlreadyLogged": [
    	{"search":"#hd-logout-form"}
    ]
}