{
    "name":"9gag",
    "lastLogin":"",
    "home":"https://9gag.com",
    "connect":{
        "todo":[
          	{"action":"fill", "what":"login", "search":"#jsid-login-email-name", "grave":true},
            {"action":"fill", "what":"password", "search":"#login-email-password", "grave":true},
            {"action":"submit", "search":"form#login-email"}
        ]
    },
    "Facebook":{
    	"todo":[
            {"action":"clickona", "search":"a.btn-connect-option.facebook.badge-facebook-connect"}
    	]
    },
    "logout":{
        "todo":[
            {"action":"goto", "url":"https://9gag.com/logout"},
            {"action":"waitfor", "search":"a[href*='login']"},
            {"action":"goto", "url":"https://9gag.com/"}
         ]
    },
    "Google":{
        "todo":[
            {"action":"clickona", "search":"a.btn-connect-option.google-plus.badge-gplus-connect-btn"}
        ]
    },
    "checkAlreadyLogged":[
        {"search":"a[href*='/u/']"}
    ]
}
