{
    "name":"Asos",
    "lastlogin":"",
    "home":"https://www.asos.fr/pgecustlogin.aspx",
    "connect": {
    	"todo": [
    		{"action":"fill", "what":"login","search":"#EmailAddress", "grave":"true"},
    		{"action":"fill", "what":"password","search":"#Password", "grave":"true"},
    		{"action":"click", "search":"#signin", "grave":"true"}
    	]
    },
    "Google": {
    	"todo": [
    		{"action":"clickona", "search":"#signup-google"}
    	]
    },
    "Facebook": {
    	"todo": [
    		{"action":"clickona", "search":"#signup-facebook"}
    	]
    },
    "Twitter": {
    	"todo": [
    		{"action":"clickona", "search":"#signup-twitter"}
    	]
    },
    "logout": {
    	"todo": [
    		{"action":"clickona", "search":"#_ctl0_ContentBody_ctlSecureNav_lnkSignOut"},
    		{"action":"waitload"},
    		{"action":"waitload"},
    		{"action":"waitload"},
    		{"action":"waitload"}
    	]
    },
    "checkAlreadyLogged": [
    	{"search":"#_ctl0_ContentBody_ctlSecureNav_lnkSignOut"}
    ]
    
}