{
    "name":"Betclic",
    "lastLogin":"",
    "home":"https://www.betclic.fr/",
    "connect":{
        "todo":[
            {"action":"fill", "what":"login", "search":"#login-username", "grave":true},
            {"action":"fill", "what":"password", "search":"#login-password"},
            {"action":"click", "search":"#login-submit"}
        ]
    },
    
    "logout":{
        "todo":[
        	{"action":"goto","url":"https://www.betclic.fr/login/logoff"}
        ]
    },
    "checkAlreadyLogged":[
        {"search":"a[href*='logoff']"}
    ]
}