{
    "name":"SendinBlue",
    "lastlogin":"",
    "home":"https://sendinblue.com/",
    "connect": {
    	"todo": [
    		{"action":"fill", "what":"login", "search":"#login-form input[name='email']"},
    		{"action":"fill", "what":"password", "search":"#login-form input[name='pass']"},
    		{"action":"click", "search":"#login-form button[type='submit']"}
       	]
    },
    "logout": {
    	"todo": [
    		{"action":"goto", "url":"https://my.sendinblue.com/users/logout"}
    	]
    },
    "checkAlreadyLogged": [
    	{"search":"a[href*='logout']"}
    ]
}