{
	"name":"Quora",
	"lastLogin":"",
	"home":"https://www.quora.com/",
	"connect":{
		"todo":[
			{"action":"clickona", "search":".profile a.remove"},
			{"action":"waitfor", "search":".inline_login_form input[name='email']"},
			{"action":"fill", "what":"login", "search":".inline_login_form input[name='email']"},
			{"action":"fill", "what":"password", "search":".inline_login_form input[name='password']"},
			{"action":"click", "search":"input[type='submit']"}
			]
	},
	"logout":{
		"todo":[
			{"action":"clickona", "search":"form[action*='logout'] a.logout"},
			{"action":"submit", "search":"form[action*='logout_POST']"},
			{"action":"waitfor", "search":".inline_login_form"}
		]
	},
	"checkAlreadyLogged":[
		{"search":"div.header_nav"}
	],
    "Facebook":{
    	"todo":[
    		{"action":"clickona", "search":"a.facebook_button"}
    	]
    }
}
