{
	"name":"facebook",
	"lastLogin":"",
	"connect":{
		"url":"http://m.facebook.com",
		"todo":[
			{"action":"fill", "what":"login", "search":"input[data-sigil='m_login_email']"},
			{"action":"fill", "what":"password", "search":"input[data-sigil='password-plain-text-toggle-input']"},
			{"action":"click", "search":"#u_0_6"}
			]
	},
	"logout":{
		"url":"http://m.facebook.com",
		"todo":[
			{"action":"click", "search":"#pageLoginAnchor div"},
			{"action":"wait", "time":2000},
			{"action":"submit", "search":"#show_me_how_logout_1"}
			]
	},
	"checkAlreadyLoged":[
		{"search":"._2s25"}
	],
	"checkChangeLogin":[
		{"action":"click", "search":"#loginbutton"}
	]
}