{
    "name":"Bookshelf",
    "lastlogin":"",
    "home":"https://bookshelf.vitalsource.com/",
    "connect": {
    	"todo": [
            {"action": "waitfor", "search": "input#email-field"},
    		{"action":"fill", "what":"login", "search":"input#email-field"},
    		{"action":"fill", "what":"password", "search":"input#password-field"},
    		{"action":"click", "search":"input[type='submit']"}
       	]
    },
    "logout": {
    	"todo": [
    		{"action":"clickona", "search":"li.account-sign-out .noButton"}
    	]
    },
    "checkAlreadyLogged": [
        {"action": "waitfor", "search": "li.account-sign-out, input#email-field"},
    	{"search":"li.account-sign-out"}
        
    ]
}