{
    "website":"captaintrain",
    
    "urls":{
        "login":"https://www.captaintrain.com/"
    },
    
    "elements":{
    
        "popUpButton":{
            "tagName":"button",
            "className":"header__signin-button"
        },
        
        "userField":{
            "id":"ember1332"
        },
        "passField":{
            "id":"ember1333"
        },
        "logInButton":{
            "tagName":"button",
            "type":"submit",
            "className":"signin__button"
        }
    },
        
    "connectionSteps":[
        {
            "action":"goTo",
            "url":"login"
        },
        
        {
            "action":"catchFail",
            "if":"missingElement",
            "elementName":"popUpButton",
            "actionsIfFail":[{"action":"end"}],
            "send":"alreadyConnected"
        },
        
        {
            "action":"do",
            "elements":[
                {
                    "name":"popUpButton",
                    "action":"click"
                },
                {
                    "name":"userField",
                    "action":"fill",
                    "value":"user"
                },
                {
                    "name":"passField",
                    "action":"fill",
                    "value":"pass"
                },
                {
                    "name":"logInButton",
                    "action":"click"
                }
            ]
        },
        
        {
            "action":"nextPage",
            "lastPage":true
        },
        
        {
            "action":"catchFail",
            "if":"existingElement",
            "elementName":"passField",
            "actionsIfFail":[{"action":"end"}],
            "send":"wrongPassword"
        }
    ]
}
