{
    "name":"NetMeet",
    "lastLogin":"",
    "home":"http://www.netmeet.fr",
    "connect":{
        "todo":[
        	{"action":"goto", "url":"http://www.netmeet.fr/users/sign_in"},
        	{"action":"waitfor", "search":"#user_email"},
            {"action":"fill", "what":"login", "search":"#user_email", "grave":true},
            {"action":"fill", "what":"password", "search":"#user_password"},
            {"action":"submit", "search":"form#new_user"}
        ]
    },
    
    "logout":{
        "todo":[
        	{"action":"clickona","search":"a[href*='sign_out']"}
        ]
    },
    "checkAlreadyLogged":[
        {"search":"a[href*='sign_out']"}
    ],
    "Facebook":{
    	"todo":[
    		{"action":"goto", "url":"http://www.netmeet.fr/users/sign_in"},
    		{"action":"waitfor", "search":"a[href*='facebook']"},
    		{"action":"clickona", "search":"a[href*='facebook']"}
        ]
     }
}