{
    "website":"voyage sncf",
    
    "urls":{
        "login":"http://www.voyages-sncf.com/"
    },
    
    "elements":{
        
        "userField":{
            "id":"ccl-email"
        },
        "passField":{
            "id":"ccl-password"
        },
        "logInButton":{
            "id":"edit-connect"
        }
    },
        
    "connectionSteps":[
        {
            "action":"goTo",
            "url":"login"
        },
        
        {
            "action":"catchFail",
            "if":"missingElement",
            "elementName":"passField",
            "actionsIfFail":[{"action":"end"}],
            "send":"alreadyConnected"
        },
        
        {
            "action":"do",
            "elements":[
                
                {
                    "name":"userField",
                    "action":"fill",
                    "value":"user"
                },
                {
                    "name":"passField",
                    "action":"fill",
                    "value":"pass"
                },
                {
                    "name":"logInButton",
                    "action":"click"
                }
            ]
        },
        
        {
            "action":"nextPage",
            "lastPage":true
        },
        
        {
            "action":"catchFail",
            "if":"existingElement",
            "elementName":"passField",
            "actionsIfFail":[
            {
                "action":"do",
                "elements":[
                    
                ]
            },
            {
                "action":"end"
            }
            ],
            "send":"wrongPassword"
        }
    ]
}
