{
    "website":"Office 365 mail",
    
    "urls":{
        "login":"https://login.microsoftonline.com/",
        "mail":"https://outlook.office365.com/"
    },
    
    "elements":{
        "otherAccount":{
          "id":"use_another_account_link"  
        },
        "userField":{
          "id":"cred_userid_inputtext"  
        },
        "passField":{
            "id":"cred_password_inputtext"
        },
        "buttonLogIn":{
            "id":"cred_sign_in_button"
        },
        "proTile":{
            "id":"aad_account_tile_link"
        },
        "mailButton":{
            "id":"ShellMail_link"
        }
            
    },
    
    "connectionSteps":[
        {
            "action":"goTo",
            "url":"login"
        },
        
        {
            "action":"catchFail",
            "if":"existingElement",
            "elementName":"otherAccount",
            "actionsIfFail":[
                {
                    "action":"do",
                    "elements":[{
                        "name":"otherAccount",
                        "action":"click"
                    }]
                }
            ],
            "send":"passSelection"
        },
        
        {
                "action":"catchFail",
                "if":"missingElement",
                "elementName":"passField",
                "actionsIfFail":[
                    {"action":"goTo", "url":"mail"},
                    {"action":"end"}],
                "send":"alreadyConnected"
        },
        
        {
            "action":"do",
            "elements":[
                {
                    "name":"userField",
                    "action":"fill",
                    "value":"user"
                },
                {
                    "name":"passField",
                    "action":"fill",
                    "value":"pass"
                },
                {
                    "name":"buttonLogIn",
                    "action":"click"
                }
            ]
        },
        
        {
            "action":"nextPage"
        },
        
        {
                "action":"catchFail",
                "if":"existingElement",
                "elementName":"proTile",
                "actionsIfFail":[
                    {
                        "action":"do",
                        "elements":[{
                            "name":"proTile",
                            "action":"click"
                        },
                                   
                        {
                            "name":"buttonLogIn",
                            "action":"click"
                        }]
                    },
                    {
                        "action":"nextPage"
                    }
                    
                ],
                "send":"passSelection"
        },
        
        {
            "action":"catchFail",
            "if":"existingElement",
            "elementName":"passField",
            "actionsIfFail":[{"action":"end"}],
            "send":"wrongPassword"
        },
        
        {
            "action":"goTo",
            "url":"mail",
            "lastpage":true
        }
        
        
    ]
}