{
    "name":"AtelierDesChef",
    "lastlogin":"",
    "home":"https://www.atelierdeschefs.fr/",
    "connect": {
    	"todo": [
        	{"action":"clickona", "search":"a[href*='/login.php']"},
        	{"action":"waitfor", "search": "#form_se_connecter"},
    		{"action":"fill", "what":"login", "search":"#form_se_connecter .form1 #email"},
    		{"action":"fill", "what":"password", "search":"#form_se_connecter .form1 #password"},
    		{"action":"click", "search":"#form_se_connecter .form1 #input2"}
       	]
    },
    "logout": {
    	"todo": [
    		{"action":"aclick", "search":"a[href*='logout']"}
    	]
    },
    "checkAlreadyLogged": [
    	{"search":"a[href*='logout']"}
    ],
    "Facebook": {
    	"todo": [
        	{"action":"clickona", "search":"a[href*='/login.php']"},
        	{"action":"waitfor", "search": "iframe[title='fb:login_button Facebook Social Plugin']"},
        	{"action":"enterFrame", "search":"iframe[title='fb:login_button Facebook Social Plugin']"},
        	{"action":"click", "search":"span._4z_f.fwb"},
        	{"action":"exitFrame"}
    	]
    },
    "Google":{
      	"todo":[
        	{"action":"clickona", "search":"a[href*='/login.php']"},
        	{"action":"waitfor", "search": "a.startFlowA"},
        	{"action":"clickona", "search":"a.startFlowA"}
      	]
    }
}
