{
	"name":"gmail",
	"lastLogin":"",
	"sso":"Google",
	"home":"https://gmail.com",
	"connect":{
		"todo":[
            {"action":"waitfor", "search":"div[aria-label='Google']"},
			{"action":"aclick", "search":"#account-chooser-link"},
			{"action":"clickona", "search":"#account-chooser-add-account"},
			{"action":"waitfor", "search":"#Email"},
			{"action":"fill", "what":"login", "search":"#Email", "grave":true},
			{"action":"click", "search":"#next", "grave":true},
			{"action":"waitfor", "time":10, "search":"#Passwd"},
			{"action":"fill", "what":"password", "search":"#Passwd"},
			{"action":"submit", "search":"#gaia_loginform", "grave":true}
			]
	},
	"logout":{
		"todo":[
			{"action":"click", "search":"a[href*='https://accounts.google.com/SignOutOptions?']", "grave":true},
			{"action":"waitfor", "search":"a[href*='https://accounts.google.com/Logout?']"},
			{"action":"aclick", "search":"a[href*='https://accounts.google.com/Logout?']", "grave":true}
		]
	},
	"checkAlreadyLogged":[
		{"search":"a[href*='https://accounts.google.com/SignOutOptions?']"}
	]
}
