
{
    "website":"GMail",
    
    "urls":{
        "login":"https://accounts.google.com/ServiceLogin?sacu=1&scc=1&continue=https%3A%2F%2Fmail.google.com%2Fmail%2F&osid=1&service=mail&ss=1&ltmpl=default&rm=false#identifier",
        "home":"https://mail.google.com/"
    },
    
   "elements":{
        
        "userField":{
            "id":"Email"
        },
        "passField":{
            "id":"Passwd"
        },
        "buttonFirstPage":{
            "id":"next"
        },
        "buttonLogIn":{
            "id":"signIn"
        },
        "chooseAccount":{
            "id":"account-chooser-link"
        },
        "addAccount":{
            "id":"account-chooser-add-account"
        }
        
    },
    
    "connectionSteps":[
        {
            "action":"goTo",
            "url":"login"
        },
        
        {
                "action":"catchFail",
                "if":"missingElement",
                "elementName":"buttonFirstPage",
                "actionsIfFail":[
                    {
                        "action":"do",
                        "elements":[{"name":"chooseAccount","action":"click"}]
                    },
                    {
                        "action":"nextPage"
                    },
                    {
                        "action":"do",
                        "elements":[{"name":"addAccount","action":"click"}]
                    },
                    {
                        "action":"nextPage"
                    }
                ],
                "send":"alreadyConnected"
        },
        
       {
            "action":"do",
            "elements":[
                {
                    "name":"userField",
                    "action":"fill",
                    "value":"user"
                },
                {
                    "name":"buttonFirstPage",
                    "action":"click"
                }
            ]
        },
        
        {
            "action":"nextPage"
        },
        
        {
            "action":"do",
            "elements":[
                {
                    "name":"passField",
                    "action":"fill",
                    "value":"pass"
                },
                {
                    "name":"buttonLogIn",
                    "action":"click"
                }
            ]
        },
        
        {
            "action":"nextPage",
            "lastPage":true
        },
        {
            "action":"catchFail",
            "if":"existingElement",
            "elementName":"userField",
            "actionsIfFail":[{"action":"end"}],
            "send":"wrongPassword"
        },
        
        {
            "action":"catchFail",
            "if":"existingElement",
            "elementName":"passField",
            "actionsIfFail":[{"action":"end"}],
            "send":"wrongPassword"
        }
    ]
}
