{
    "name":"Eventbrite",
    "lastLogin":"",
    "home":"https://www.eventbrite.fr/",
    "connect":{
        "todo":[
          {"action":"clickona", "search":"a[href*='login']"},
          {"action":"waitfor", "search":"#login-email"},
          {"action":"fill", "what":"login", "search":"#login-email"},
          {"action":"fill", "what":"password", "search":"#login-password"}
          {"action":"click", "search":"#authentication-container form input[type='submit']"}
        ]
    },
    "logout":{
        "todo":[
            {"action":"aclick", "search":"a[href*='logout']"}
          ]
    },
    "checkAlreadyLogged":[
        {"search":"a[href*='logout']"}
    ]
}
