{
    "website":"leboncoin",
    
    "urls":{
        "login":"https://compteperso.leboncoin.fr/account/index.html",
        "home":"https://www.leboncoin.fr/"
    },
    
    "elements":{
        
        "userField":{
            "tagName":"input",
            "name":"st_username"
        },
        "passField":{
            "tagName":"input",
            "name":"st_passwd"
        },
        "buttonLogIn":{
            "id":"connect_button"
        }
        
    },
    
    "connectionSteps":[
        {
            "action":"goTo",
            "url":"login"
        },
        
        {
                "action":"catchFail",
                "if":"missingElement",
                "elementName":"passField",
                "actionsIfFail":[{"action":"end"}],
                "send":"alreadyConnected"
        },
        
        {
            "action":"do",
            "elements":[
                {
                    "name":"userField",
                    "action":"fill",
                    "value":"user"
                },
                {
                    "name":"passField",
                    "action":"fill",
                    "value":"pass"
                },
                {
                    "name":"buttonLogIn",
                    "action":"click"
                }
            ]
        },
        
        {
            "action":"nextPage"
        },
        
        {
            "action":"catchFail",
            "if":"existingElement",
            "elementName":"passField",
            "actionsIfFail":[{"action":"end"}],
            "send":"wrongPassword"
        },
        {
            "action":"goTo",
            "url":"home",
            "lastPage":true
        }
    ]
}
