{
    "name":"Crisp",
    "lastlogin":"",
    "home":"https://app.crisp.im/",
    "connect": {
    	"todo": [
    		{"action":"fill", "what":"login","search":".cdc-initiate-form input[type='email']", "grave":"true"},
    		{"action":"fill", "what":"password","search":".cdc-initiate-form input[type='password']", "grave":"true"},
    		{"action":"click", "search":".cdc-initiate-form button[type='submit']", "grave":"true"}
    	]
    },
    "logout": {
    	"todo": [
    		{"action":"waitfor", "search":"a[href*='settings/websites']"},
    		{"action":"goto", "url":"https://app.crisp.im/initiate/logout"}
    	]
    },
    "checkAlreadyLogged": [
    	{"search":"div[class='cdc-load-wrapper']"}
    ]
    
}