{
    "name":"Pipedrive",
    "lastLogin":"",
    "home":"https://www.pipedrive.com/",
    "connect":{
        "todo":[
        	{"action":"goto", "url":"https://www.pipedrive.com/login"},
            {"action":"fill", "what":"login", "search":"input#login"},
            {"action":"fill", "what":"password", "search":"input#password"},
            {"action":"click", "search":"form#login_form button[type='submit']"}
        ]
    },
    "logout":{
        "todo":[
        	{"action":"aclick", "search":"a[href='/auth/logout']"}
         ]
    },
    "checkAlreadyLogged":[
        {"search":".userInfo"}
    ]
}