{
	"name":"coursera",
	"lastLogin":"",
	"home":"https://fr.coursera.org/?authMode=login",
	"connect":{"todo":[
			{"action":"waitfor", "search":"button[data-courselenium='login-form-submit-button']"},
			{"action":"waitfor", "search":".c-user-modal-control-group input[type='email']"},
			{"action":"fill", "what":"login", "search":".c-user-modal-control-group input[type='email']", "grave":true},
			{"action":"fill", "what":"password", "search":".c-user-modal-control-group input[type='password']", "grave":true},
			{"action":"click", "search":"button[data-courselenium='login-form-submit-button']", "grave":true}
			]
	},
	"logout":{
		"todo":[
			{"action":"waitfor", "search":"ul.bt3-dropdown-menu.c-authenticated-dropdown-menu:last-child a form", "grave":true},
			{"action":"submit", "search":"ul.bt3-dropdown-menu.c-authenticated-dropdown-menu:last-child a form", "grave":true}
			]
	},
	"checkAlreadyLogged":[
		{"search":"div.rc-ProfileImage"}
	],
	"Facebook":{
		"todo":[
			{"action":"waitfor", "search":"button.c-user-modal-facebook-button"},
			{"action":"click", "search":"button.c-user-modal-facebook-button"}
			]
	}
}