{
    "website":"youtube",
    
    "urls":{
        "login":"https://accounts.google.com/ServiceLogin?sacu=1&continue=https%3A%2F%2Fwww.youtube.com%2Fsignin%3Faction_handle_signin%3Dtrue%26app%3Ddesktop%26feature%3Dsign_in_button%26hl%3Dfr%26next%3D%252F&service=youtube#identifier"
    },
    
    "elements":{
        
        "userField":{
            "id":"Email"
        },
        "passField":{
            "id":"Passwd"
        },
        "buttonFirstPage":{
            "id":"next"
        },
        "buttonLogIn":{
                "id":"signIn"
        }
        
    },
    
    "connectionSteps":[
        {
            "action":"goTo",
            "url":"login"
        },
        
        {
                "action":"catchFail",
                "if":"missingElement",
                "elementName":"userField",
                "actionsIfFail":[{"action":"end"}],
                "send":"alreadyConnected"
        },
        
        {
            "action":"do",
            "elements":[
                {
                    "name":"userField",
                    "action":"fill",
                    "value":"user"
                },
                {
                    "name":"buttonFirstPage",
                    "action":"click"
                }
            ]
        },
        
        {
            "action":"nextPage"
        },
        
        {
            "action":"do",
            "elements":[
                {
                    "name":"passField",
                    "action":"fill",
                    "value":"pass"
                },
                {
                    "name":"buttonLogIn",
                    "action":"click"
                }
            ]
        },
        
        {
            "action":"nextPage",
            "lastPage":true
        },
        
        {
            "action":"catchFail",
            "if":"existingElement",
            "elementName":"passField",
            "actionsIfFail":[{"action":"end"}],
            "send":"wrongPassword"
        }
    ]
}
